group,function,value,throughput_num,throughput_type,sample_measured_value,unit,iteration_count
starlight-for-loop,,,,,116070600.0,ns,1
starlight-for-loop,,,,,114015200.0,ns,1
starlight-for-loop,,,,,113468800.0,ns,1
starlight-for-loop,,,,,114126300.0,ns,1
starlight-for-loop,,,,,114780700.0,ns,1
starlight-for-loop,,,,,113871000.0,ns,1
starlight-for-loop,,,,,112887500.0,ns,1
starlight-for-loop,,,,,113963900.0,ns,1
starlight-for-loop,,,,,116764200.0,ns,1
starlight-for-loop,,,,,115818600.0,ns,1
starlight-for-loop,,,,,114381700.0,ns,1
starlight-for-loop,,,,,114323100.0,ns,1
starlight-for-loop,,,,,120392000.0,ns,1
starlight-for-loop,,,,,125249900.0,ns,1
starlight-for-loop,,,,,119850200.0,ns,1
starlight-for-loop,,,,,133257500.0,ns,1
starlight-for-loop,,,,,127876100.0,ns,1
starlight-for-loop,,,,,136226800.0,ns,1
starlight-for-loop,,,,,121736400.0,ns,1
starlight-for-loop,,,,,114620200.0,ns,1
starlight-for-loop,,,,,113484000.0,ns,1
starlight-for-loop,,,,,114049800.0,ns,1
starlight-for-loop,,,,,115939800.0,ns,1
starlight-for-loop,,,,,114462200.0,ns,1
starlight-for-loop,,,,,116732900.0,ns,1
starlight-for-loop,,,,,114524500.0,ns,1
starlight-for-loop,,,,,113700200.0,ns,1
starlight-for-loop,,,,,115040000.0,ns,1
starlight-for-loop,,,,,115845400.0,ns,1
starlight-for-loop,,,,,131151900.0,ns,1
starlight-for-loop,,,,,136399900.0,ns,1
starlight-for-loop,,,,,116667600.0,ns,1
starlight-for-loop,,,,,118552200.0,ns,1
starlight-for-loop,,,,,119658200.0,ns,1
starlight-for-loop,,,,,180794900.0,ns,1
starlight-for-loop,,,,,176624500.0,ns,1
starlight-for-loop,,,,,179701900.0,ns,1
starlight-for-loop,,,,,175081600.0,ns,1
starlight-for-loop,,,,,180364900.0,ns,1
starlight-for-loop,,,,,179751900.0,ns,1
starlight-for-loop,,,,,176208700.0,ns,1
starlight-for-loop,,,,,180125400.0,ns,1
starlight-for-loop,,,,,186194300.0,ns,1
starlight-for-loop,,,,,179271700.0,ns,1
starlight-for-loop,,,,,178223200.0,ns,1
starlight-for-loop,,,,,176049300.0,ns,1
starlight-for-loop,,,,,179843100.0,ns,1
starlight-for-loop,,,,,179060500.0,ns,1
starlight-for-loop,,,,,177766700.0,ns,1
starlight-for-loop,,,,,178403400.0,ns,1
starlight-for-loop,,,,,182683600.0,ns,1
starlight-for-loop,,,,,179743300.0,ns,1
starlight-for-loop,,,,,192480800.0,ns,1
starlight-for-loop,,,,,182715800.0,ns,1
starlight-for-loop,,,,,179670600.0,ns,1
starlight-for-loop,,,,,192716900.0,ns,1
starlight-for-loop,,,,,178390300.0,ns,1
starlight-for-loop,,,,,176318800.0,ns,1
starlight-for-loop,,,,,177886000.0,ns,1
starlight-for-loop,,,,,178918900.0,ns,1
starlight-for-loop,,,,,177729100.0,ns,1
starlight-for-loop,,,,,178150200.0,ns,1
starlight-for-loop,,,,,175800600.0,ns,1
starlight-for-loop,,,,,177263300.0,ns,1
starlight-for-loop,,,,,176559900.0,ns,1
starlight-for-loop,,,,,176660800.0,ns,1
starlight-for-loop,,,,,178856200.0,ns,1
starlight-for-loop,,,,,173837600.0,ns,1
starlight-for-loop,,,,,176824100.0,ns,1
starlight-for-loop,,,,,177709400.0,ns,1
starlight-for-loop,,,,,175062300.0,ns,1
starlight-for-loop,,,,,176525300.0,ns,1
starlight-for-loop,,,,,175505800.0,ns,1
starlight-for-loop,,,,,177606200.0,ns,1
starlight-for-loop,,,,,179274100.0,ns,1
starlight-for-loop,,,,,174120800.0,ns,1
starlight-for-loop,,,,,178213400.0,ns,1
starlight-for-loop,,,,,177264900.0,ns,1
starlight-for-loop,,,,,180582900.0,ns,1
starlight-for-loop,,,,,178739700.0,ns,1
starlight-for-loop,,,,,180575400.0,ns,1
starlight-for-loop,,,,,175935600.0,ns,1
starlight-for-loop,,,,,174815800.0,ns,1
starlight-for-loop,,,,,177551200.0,ns,1
starlight-for-loop,,,,,181088200.0,ns,1
starlight-for-loop,,,,,179270200.0,ns,1
starlight-for-loop,,,,,178125700.0,ns,1
starlight-for-loop,,,,,177952500.0,ns,1
starlight-for-loop,,,,,176129400.0,ns,1
starlight-for-loop,,,,,178266000.0,ns,1
starlight-for-loop,,,,,177580500.0,ns,1
starlight-for-loop,,,,,180785900.0,ns,1
starlight-for-loop,,,,,176836200.0,ns,1
starlight-for-loop,,,,,179322000.0,ns,1
starlight-for-loop,,,,,177018500.0,ns,1
starlight-for-loop,,,,,178770700.0,ns,1
starlight-for-loop,,,,,176913600.0,ns,1
starlight-for-loop,,,,,178007100.0,ns,1
starlight-for-loop,,,,,178810500.0,ns,1
starlight-for-loop,,,,,173932200.0,ns,1
